<?xml version="1.0" encoding="UTF-8"?>
<metadata xml:lang="en"><Esri><CreaDate>20171008</CreaDate><CreaTime>12043600</CreaTime><ArcGISFormat>1.0</ArcGISFormat><SyncOnce>TRUE</SyncOnce><DataProperties><lineage><Process ToolSource="c:\program files (x86)\arcgis\desktop10.5\ArcToolbox\Toolboxes\Spatial Analyst Tools.tbx\ZonalStatisticsAsTable" Date="20171008" Time="120436">ZonalStatisticsAsTable "C:\Univ of Wisc\GEOG_777\files\cancer_tracts\cancer_tracts.shp" GEOID10 C:\tkinter_output\idwout.tif C:\tkinter_output\zonal_output DATA ALL</Process></lineage></DataProperties></Esri></metadata>
