<?xml version="1.0" encoding="UTF-8"?>
<metadata xml:lang="en"><Esri><CreaDate>20171008</CreaDate><CreaTime>12093400</CreaTime><ArcGISFormat>1.0</ArcGISFormat><SyncOnce>TRUE</SyncOnce><DataProperties><lineage><Process ToolSource="c:\program files (x86)\arcgis\desktop10.5\ArcToolbox\Toolboxes\Data Management Tools.tbx\JoinField" Date="20171008" Time="120934">JoinField "C:\Univ of Wisc\GEOG_777\files\cancer_tracts\cancer_tracts.shp" GEOID10 C:/tkinter_output\zonal_table.dbf GEOID10 #</Process><Process ToolSource="c:\program files (x86)\arcgis\desktop10.5\ArcToolbox\Toolboxes\Data Management Tools.tbx\JoinField" Date="20171008" Time="121037">JoinField "C:\Univ of Wisc\GEOG_777\files\cancer_tracts\cancer_tracts.shp" GEOID10 C:/tkinter_output\zonal_table.dbf GEOID10 #</Process><Process ToolSource="c:\program files (x86)\arcgis\desktop10.5\ArcToolbox\Toolboxes\Data Management Tools.tbx\JoinField" Date="20171008" Time="121234">JoinField "C:\Univ of Wisc\GEOG_777\files\cancer_tracts\cancer_tracts.shp" GEOID10 C:/tkinter_output\zonal_table.dbf GEOID10 #</Process><Process ToolSource="c:\program files (x86)\arcgis\desktop10.5\ArcToolbox\Toolboxes\Data Management Tools.tbx\DeleteField" Date="20171008" Time="122949">DeleteField cancer_tracts GEOID10_1;ZONE_CODE;COUNT;AREA;MIN;MAX;RANGE;MEAN;STD;SUM;GEOID10_12;ZONE_COD_1;COUNT_1;AREA_1;MIN_1;MAX_1;RANGE_1;MEAN_1;STD_1;SUM_1;GEOID10_13;ZONE_COD_2;COUNT_12;AREA_12;MIN_12;MAX_12;RANGE_12;MEAN_12;STD_12;SUM_12;GEOID10_14;ZONE_COD_3;COUNT_1_13;AREA_12_13;MIN_12_13;MAX_12_13;RANGE_1_13;MEAN_12_13;STD_12_13;SUM_12_13;GEOID10_15;ZONE_COD_4;COUNT_1_14;AREA_12_14;MIN_12__14;MAX_12__14;RANGE_1_14;MEAN_12_14;STD_12__14;SUM_12__14;GEOID10_16;ZONE_COD_5;COUNT_1_15;AREA_12_15;MIN_12__15;MAX_12__15;RANGE_1_15;MEAN_12_15;STD_12__15;SUM_12__15</Process></lineage></DataProperties></Esri></metadata>
