<PAMDataset>
  <SRS>GEOGCS["GCS_North_American_1983",DATUM["North_American_Datum_1983",SPHEROID["GRS_1980",6378137.0,298.257222101,AUTHORITY["EPSG","7019"]],AUTHORITY["EPSG","6269"]],PRIMEM["Greenwich",0.0,AUTHORITY["EPSG","8901"]],UNIT["Degree",0.0174532925199433,AUTHORITY["EPSG","9102"]],AUTHORITY["EPSG","4269"]]</SRS>
  <Metadata>
    <MDI key="DataType">Generic</MDI>
  </Metadata>
  <Metadata domain="Esri">
    <MDI key="PyramidResamplingType">NEAREST</MDI>
  </Metadata>
  <PAMRasterBand band="1">
    <NoDataValue le_hex_equiv="000000A0FFFFEFC7">-3.40282306073710E+038</NoDataValue>
    <Histograms>
      <HistItem>
        <HistMin>-0.5</HistMin>
        <HistMax>136.5</HistMax>
        <BucketCount>137</BucketCount>
        <IncludeOutOfRange>1</IncludeOutOfRange>
        <Approximate>0</Approximate>
        <HistCounts>486|1740|2496|1826|1238|1068|1032|1165|1385|1306|902|753|717|953|891|1019|934|1096|1149|1312|2327|1723|1569|1597|2573|1899|1756|1200|868|758|884|1894|1981|1471|1252|1326|1370|1408|1472|1461|1472|1307|1408|1341|1968|1046|994|913|946|946|1190|515|496|442|367|390|399|389|412|401|454|369|343|341|393|379|348|403|415|283|208|211|155|179|167|150|166|124|97|110|112|106|113|101|73|72|41|31|26|23|20|27|10|15|16|16|13|15|15|11|14|15|17|14|23|22|22|41|40|43|48|60|67|117|61|61|43|32|27|21|13|14|19|19|13|15|16|9|21|29|45|38|20|10|7|8|9</HistCounts>
      </HistItem>
    </Histograms>
    <Metadata domain="IMAGE_STRUCTURE">
      <MDI key="COMPRESSION">JPEG</MDI>
    </Metadata>
    <Metadata>
      <MDI key="BandName">Band_1</MDI>
      <MDI key="SourceBandIndex">0</MDI>
      <MDI key="STATISTICS_COVARIANCES">457.3772466371683</MDI>
      <MDI key="STATISTICS_EXCLUDEDVALUES"></MDI>
      <MDI key="STATISTICS_MAXIMUM">136</MDI>
      <MDI key="STATISTICS_MEAN">31.199282117626</MDI>
      <MDI key="STATISTICS_MINIMUM">0</MDI>
      <MDI key="STATISTICS_SKIPFACTORX">1</MDI>
      <MDI key="STATISTICS_SKIPFACTORY">1</MDI>
      <MDI key="STATISTICS_STDDEV">21.386379932966</MDI>
    </Metadata>
  </PAMRasterBand>
</PAMDataset>
