<?xml version="1.0" encoding="UTF-8"?>
<metadata xml:lang="en"><Esri><CreaDate>20171008</CreaDate><CreaTime>13481300</CreaTime><ArcGISFormat>1.0</ArcGISFormat><SyncOnce>TRUE</SyncOnce><DataProperties><lineage><Process ToolSource="c:\program files (x86)\arcgis\desktop10.5\ArcToolbox\Toolboxes\Conversion Tools.tbx\FeatureClassToFeatureClass" Date="20171008" Time="134813">FeatureClassToFeatureClass tracts_layer C:\tkinter_output least_squares.shp # "zonal_tabl "OID" false true false 4 Long 0 9 ,First,#,C:\Univ of Wisc\GEOG_777\files\cancer_tracts\cancer_tracts.shp,zonal_table.OID,-1,-1;cancer_tra "canrate" true true false 6 Float 2 5 ,First,#,C:\Univ of Wisc\GEOG_777\files\cancer_tracts\cancer_tracts.shp,cancer_tracts.canrate,-1,-1;cancer_t_1 "nitrate" true true false 11 Double 4 10 ,First,#,C:\Univ of Wisc\GEOG_777\files\cancer_tracts\cancer_tracts.shp,cancer_tracts.nitrate,-1,-1" #</Process><Process ToolSource="c:\program files (x86)\arcgis\desktop10.5\ArcToolbox\Toolboxes\Data Management Tools.tbx\AddField" Date="20171008" Time="134813">AddField C:\tkinter_output\least_squares.shp Estimated DOUBLE # # # # NULLABLE NON_REQUIRED #</Process><Process ToolSource="c:\program files (x86)\arcgis\desktop10.5\ArcToolbox\Toolboxes\Data Management Tools.tbx\AddField" Date="20171008" Time="134813">AddField C:\tkinter_output\least_squares.shp Residual DOUBLE # # # # NULLABLE NON_REQUIRED #</Process><Process ToolSource="c:\program files (x86)\arcgis\desktop10.5\ArcToolbox\Toolboxes\Data Management Tools.tbx\AddField" Date="20171008" Time="134813">AddField C:\tkinter_output\least_squares.shp StdResid DOUBLE # # # # NULLABLE NON_REQUIRED #</Process><Process ToolSource="c:\program files (x86)\arcgis\desktop10.5\ArcToolbox\Toolboxes\Spatial Statistics Tools.tbx\OrdinaryLeastSquares" Date="20171008" Time="134813">OrdinaryLeastSquares tracts_layer zonal_table.OID C:\tkinter_output\least_squares.shp cancer_tracts.canrate cancer_tracts.canrate;cancer_tracts.nitrate # # #</Process></lineage></DataProperties></Esri></metadata>
