<?xml version="1.0" encoding="UTF-8"?>
<metadata xml:lang="en"><Esri><CreaDate>20171015</CreaDate><CreaTime>13145400</CreaTime><ArcGISFormat>1.0</ArcGISFormat><SyncOnce>TRUE</SyncOnce><DataProperties><lineage><Process ToolSource="c:\program files (x86)\arcgis\desktop10.5\ArcToolbox\Toolboxes\Conversion Tools.tbx\FeatureClassToFeatureClass" Date="20171015" Time="131454">FeatureClassToFeatureClass tracts_layer C:\tkinter_output "Least Squares.shp" # "zonal_tabl "OID" false true false 4 Long 0 9 ,First,#,C:\tkinter_output\cancer_tracts.shp,zonal_table.OID,-1,-1;zonal_ta_1 "MEAN" true true false 19 Double 0 0 ,First,#,C:\tkinter_output\cancer_tracts.shp,zonal_table.MEAN,-1,-1;cancer_tra "canrate" true true false 6 Float 2 5 ,First,#,C:\tkinter_output\cancer_tracts.shp,cancer_tracts.canrate,-1,-1" #</Process><Process ToolSource="c:\program files (x86)\arcgis\desktop10.5\ArcToolbox\Toolboxes\Data Management Tools.tbx\AddField" Date="20171015" Time="131454">AddField "C:\tkinter_output\Least Squares.shp" Estimated DOUBLE # # # # NULLABLE NON_REQUIRED #</Process><Process ToolSource="c:\program files (x86)\arcgis\desktop10.5\ArcToolbox\Toolboxes\Data Management Tools.tbx\AddField" Date="20171015" Time="131454">AddField "C:\tkinter_output\Least Squares.shp" Residual DOUBLE # # # # NULLABLE NON_REQUIRED #</Process><Process ToolSource="c:\program files (x86)\arcgis\desktop10.5\ArcToolbox\Toolboxes\Data Management Tools.tbx\AddField" Date="20171015" Time="131454">AddField "C:\tkinter_output\Least Squares.shp" StdResid DOUBLE # # # # NULLABLE NON_REQUIRED #</Process><Process ToolSource="c:\program files (x86)\arcgis\desktop10.5\ArcToolbox\Toolboxes\Spatial Statistics Tools.tbx\OrdinaryLeastSquares" Date="20171015" Time="131454">OrdinaryLeastSquares tracts_layer zonal_table.OID "C:\tkinter_output\Least Squares.shp" zonal_table.MEAN cancer_tracts.canrate # # #</Process></lineage></DataProperties></Esri></metadata>
