<?xml version="1.0" encoding="UTF-8"?>
<metadata xml:lang="en"><Esri><CreaDate>20171015</CreaDate><CreaTime>13145200</CreaTime><ArcGISFormat>1.0</ArcGISFormat><SyncOnce>TRUE</SyncOnce><DataProperties><lineage><Process ToolSource="c:\program files (x86)\arcgis\desktop10.5\ArcToolbox\Toolboxes\Spatial Analyst Tools.tbx\ZonalStatisticsAsTable" Date="20171015" Time="131452">ZonalStatisticsAsTable C:/tkinter_output\cancer_tracts.shp GEOID10 C:/tkinter_output\idwout.tif C:\tkinter_output\zonal_table.dbf DATA ALL</Process></lineage></DataProperties></Esri></metadata>
